{
  "analyst": 13.728574752807617,
  "coder": 8.593648433685303,
  "tester": 9.019686222076416,
  "reviewer": 3.5276172161102295
}