{
  "analyst": 10.139728546142578,
  "coder": 10.129113912582397,
  "tester": 8.051626682281494,
  "reviewer": 3.993818759918213
}