{"analyst": 11.204123973846436, "coder": 8.80401611328125, "tester": 9.384963274002075}