{
  "analyst": 15.468083143234253,
  "coder": 9.309253931045532,
  "tester": 9.25393557548523,
  "reviewer": 6.024852275848389
}