{
  "analyst": 10.00911831855774,
  "coder": 13.14529013633728,
  "tester": 8.932921171188354,
  "reviewer": 5.142445802688599
}