{
  "analyst": 11.385295629501343,
  "coder": 12.119127750396729,
  "tester": 10.747072458267212,
  "reviewer": 4.159801244735718
}