{
  "analyst": 12.152490854263306,
  "coder": 10.835655927658081,
  "tester": 10.165664911270142,
  "reviewer": 4.451327562332153
}