{
  "analyst": 15.575484991073608,
  "coder": 11.577220916748047,
  "tester": 11.65950870513916,
  "reviewer": 4.472352504730225
}