{
  "analyst": 14.340939044952393,
  "coder": 8.559401273727417,
  "tester": 8.21935248374939,
  "reviewer": 4.099609851837158
}