{
  "analyst": 13.915271282196045,
  "coder": 9.934732437133789,
  "tester": 8.446274757385254,
  "reviewer": 5.124431133270264
}